^/default\.asp.*,/,1,301
^/azienda\.asp.*,/azienda/,1,301
^/contatti\.asp.*,/contatti/,1,301
^/news\.asp.*,/azienda/,1,301
^/cerca\.asp.*,/,1,301
^/informativa-trattamento-dati-personali\.asp.*,/privacy/,1,301
^/richiesta-info\.asp.*,/contatti/#richiesta,1,301
^/Lang\.asp.*,/,1,301
^/Loghi/(.+\.pdf)$,/wp-content/uploads/brochure/$1,1,301
^/(prodotti|products)/.*-56\.asp.*,/automatiche/#am-0010,1,301
^/(prodotti|products)/.*-72\.asp.*,/automatiche/#am-0011,1,301
^/(prodotti|products)/.*-58\.asp.*,/automatiche/#am-0012,1,301
^/(prodotti|products)/.*-26\.asp.*,/automatiche/#am-0038,1,301
^/(prodotti|products)/.*-73\.asp.*,/automatiche/#am-0040,1,301
^/(prodotti|products)/.*-55\.asp.*,/automatiche/#am-0061,1,301
^/(prodotti|products)/.*-79\.asp.*,/automatiche/#am-0063,1,301
^/(prodotti|products)/.*-81\.asp.*,/automatiche/#am-0064,1,301
^/(prodotti|products)/.*-15\.asp.*,/automatiche/#am-0083,1,301
^/(prodotti|products)/.*-46\.asp.*,/automatiche/#am-0090,1,301
^/(prodotti|products)/.*-77\.asp.*,/automatiche/#am210-futura,1,301
^/(prodotti|products)/.*-51\.asp.*,/automatiche/#am310-quattro,1,301
^/(prodotti|products)/.*-53\.asp.*,/automatiche/#am350-quattro,1,301
^/(prodotti|products)/.*-31\.asp.*,/automatiche/#am400-quattro,1,301
^/(prodotti|products)/.*-62\.asp.*,/automatiche/#am460-sintesi,1,301
^/(prodotti|products)/.*-14\.asp.*,/automatiche/#am500-vantage,1,301
^/(prodotti|products)/.*-52\.asp.*,/automatiche/#am600-vantage,1,301
^/(prodotti|products)/.*-85\.asp.*,/da-banco/#w15,1,301
^/(prodotti|products)/.*-83\.asp.*,/da-banco/#w15-sc,1,301
^/(prodotti|products)/.*-9\.asp.*,/da-banco/#w-1500,1,301
^/(prodotti|products)/.*-10\.asp.*,/da-banco/#w-2000,1,301
^/(prodotti|products)/.*-22\.asp.*,/da-banco/#w-3000,1,301
^/(prodotti|products)/.*-63\.asp.*,/da-banco/#wsc-15,1,301
^/(prodotti|products)/.*-67\.asp.*,/da-banco/#wsc-21,1,301
^/(prodotti|products)/.*-69\.asp.*,/da-banco/#wsc-25,1,301
^/(prodotti|products)/.*-70\.asp.*,/da-banco/#wsc-31,1,301
^/(prodotti|products)/.*-44\.asp.*,/da-banco/#wsg-100,1,301
^/(prodotti|products)/.*-45\.asp.*,/da-banco/#wsg-200,1,301
^/(prodotti|products)/.*-75\.asp.*,/da-banco/#wsg-300,1,301
^/(prodotti|products)/.*-16\.asp.*,/controllo-qualita/#w100,1,301
^/(prodotti|products)/.*-80\.asp.*,/controllo-qualita/#w125,1,301
^/(prodotti|products)/.*-30\.asp.*,/controllo-qualita/#w200,1,301
^/(prodotti|products)/.*-7\.asp.*,/applicatori/#wb-10,1,301
^/(prodotti|products)/.*-19\.asp.*,/applicatori/#wb-13,1,301
^/(prodotti|products)/.*-21\.asp.*,/applicatori/#wb-14,1,301
^/(prodotti|products)/.*-20\.asp.*,/applicatori/#wb-23,1,301
^/(prodotti|products)/.*-28\.asp.*,/applicatori/#wb-27,1,301
^/(prodotti|products)/.*-6\.asp.*,/applicatori/#wl-10,1,301
^/(prodotti|products)/.*-18\.asp.*,/applicatori/#wl-11,1,301
^/(prodotti|products)/.*-74\.asp.*,/applicatori/#wl-19,1,301
^/(prodotti|products)/.*-24\.asp.*,/applicatori/#wpb-10,1,301
^/(prodotti|products)/.*-76\.asp.*,/applicatori/#wpb-16,1,301
^/(prodotti|products)/(Accessori|Accessories).*,/automatiche/#accessori,1,301
^/(prodotti|products)/Wir_?AM.*,/automatiche/,1,301
^/(prodotti|products)/WirPress.*,/da-banco/#wirpress,1,301
^/(prodotti|products)/WirStrip.*,/da-banco/#wirstrip,1,301
^/(prodotti|products)/WirTest.*,/controllo-qualita/,1,301
^/(prodotti|products)/WirTool.*,/applicatori/,1,301
^/prodotti\.asp.*,/,1,301
