^/index\.aspx.*,/,1,301
^/(IT/Azienda|EN/Company|about\.aspx).*,/azienda/,1,301
^/(IT|EN)/News.*,/novita/,1,301
^/(IT/Contatti|EN/Contacts|contact\.aspx).*,/contatti/,1,301
^/IT/Condizioni-di-vendita.*,/azienda/#condizioni,1,301
^/IT/Prodotti/VIBRAM.*,/vibram/,1,301
^/IT/Prodotti/UTENSILI.*,/catalogo/#utensili,1,301
^/IT/Prodotti/FILATI_ED_ELASTICI.*,/catalogo/#filati-elastici,1,301
^/IT/Prodotti/IGIENE_E_SICUREZZA.*,/catalogo/#igiene-sicurezza,1,301
^/IT/Prodotti/PRODOTTI_CHIMICI.*,/catalogo/#prodotti-chimici,1,301
^/IT/Prodotti/MODELLERIA_E_RIPARAZIONE.*,/catalogo/#modelleria-riparazione,1,301
^/IT/Prodotti/IMBALLAGGIO.*,/catalogo/#imballaggio,1,301
^/IT/Prodotti/ESPOSIZIONE_E_CURA.*,/catalogo/#esposizione-cura,1,301
^/(IT/Prodotti|EN/Products|product\.aspx|newpage\.aspx|download\.aspx|invitefriend\.aspx).*,/catalogo/,1,301
