^/home/?$,/,1,301
^/l-_azienda,/azienda/,1,301
^/prodotti,/,1,301
^/vasche_prefabbricate_monoblocco,/vasche/,1,301
^/manufatti_per_la_depurazione_it/vasche_rettangolari\.php,/vasche/#rettangolari,1,301
^/manufatti_per_la_depurazione_it/vasche_circolari\.php,/vasche/#circolari,1,301
^/manufatti_per_la_depurazione_it/vasche_trattate_con_resine_epossidiche\.php,/vasche/#resine,1,301
^/depurazione$,/depurazione/,1,301
^/manufatti_per_la_depurazione_it/dissabbiatore_statico\.php,/depurazione/#dissabbiatore,1,301
^/manufatti_per_la_depurazione_it/separatore_grassi\.php,/depurazione/#separatore-grassi,1,301
^/manufatti_per_la_depurazione_it/vasca_imhoff\.php,/depurazione/#imhoff,1,301
^/manufatti_per_la_depurazione_it/separatore_oli_in_continuo\.php,/depurazione/#separatore-oli,1,301
^/manufatti_per_la_depurazione_it/separatore_oli_ce_con_filtro_a_coalescenza_per_aut\.php,/depurazione/#separatore-oli-autorimesse,1,301
^/manufatti_per_la_depurazione_it/impianti_trattamento_per_acque_di_prima_pioggia\.php,/depurazione/#prima-pioggia,1,301
^/manufatti_per_la_depurazione_it/depuratori_biologici_ossidazione_totale_fanghi_att\.php,/depurazione/#depuratori-biologici,1,301
^/piattaforme_per_autolavaggi/?$,/piattaforme-autolavaggi/,1,301
^/piattaforme_per_autolavaggi/caratteristiche_e_vantaggi\.php,/piattaforme-autolavaggi/#caratteristiche,1,301
^/piattaforme_per_autolavaggi/piattaforma_per_pista_self_mod_450\.php,/piattaforme-autolavaggi/#mod-450,1,301
^/piattaforme_per_autolavaggi/piattaforma_per_pista_self_mod_500\.php,/piattaforme-autolavaggi/#mod-500,1,301
^/piattaforme_per_autolavaggi/piattaforma_per_pista_self_mod_500_doppia_griglia\.php,/piattaforme-autolavaggi/#mod-500-doppia-griglia,1,301
^/piattaforme_per_autolavaggi/piattaforma_per_portale_mod_1\.php,/piattaforme-autolavaggi/#mod-1,1,301
^/piattaforme_per_autolavaggi/piattaforma_per_portale_mod_2\.php,/piattaforme-autolavaggi/#mod-2,1,301
^/piattaforme_per_autolavaggi/piattaforma_per_portale_mod3_sistema_lavaggio\.php,/piattaforme-autolavaggi/#mod-3,1,301
^/piattaforme_per_autolavaggi/piattaforma_per_portale_mod_4_con_area_prelavaggio\.php,/piattaforme-autolavaggi/#mod-4,1,301
^/piattaforme_per_autolavaggi/piattaforma_per_portale_mod_5\.php,/piattaforme-autolavaggi/#mod-5,1,301
^/piattaforme_per_autolavaggi/esempio_di_posa\.php,/piattaforme-autolavaggi/#posa,1,301
^/piattaforme_per_autolavaggi/isola_di_aspirazione\.php,/piattaforme-autolavaggi/#accessori,1,301
^/piattaforme_per_autolavaggi/(personalizzazione|piattaforme_in_calcestruzzo_colorato|piattaforme_con_riscaldamento_integrato|installazione_con_travi_di_rialzo.*)\.php,/piattaforme-autolavaggi/#personalizzazione,1,301
^/piattaforme_per_autolavaggi/realizzazioni\.php,/realizzazioni/,1,301
^/piattaforme_per_autolavaggi/autolavaggio_pozzobon_-_altivole_tv\.php,/realizzazioni/#altivole,1,301
^/piattaforme_per_autolavaggi/guglielmi_autocaravan_-_alonte_vi\.php,/realizzazioni/#alonte,1,301
^/piattaforme_per_autolavaggi/autolavaggio_abano_terme_-_pd\.php,/realizzazioni/#abano-terme,1,301
^/piattaforme_per_autolavaggi/autolavaggio_rubano_-_pd\.php,/realizzazioni/#rubano,1,301
^/piattaforme_per_autolavaggi/autolavaggio_presso_ss_esso_rovigo\.php,/realizzazioni/#rovigo,1,301
^/piattaforme_per_autolavaggi/autolavaggio_verona\.php,/realizzazioni/#verona-autolavaggio,1,301
^/piattaforme_per_autolavaggi/autotrasporti_verona\.php,/realizzazioni/#verona-autotrasporti,1,301
^/piattaforme_per_autolavaggi/autolavaggio_verduci_-_aosta_ao_\.php,/realizzazioni/#aosta,1,301
^/piattaforme_per_autolavaggi/autolavaggio_biella\.php,/realizzazioni/#biella,1,301
^/piattaforme_per_autolavaggi/autolavaggio_rivalta_-_to\.php,/realizzazioni/#rivalta,1,301
^/piattaforme_per_autolavaggi/lavaggio_self_service_grugliasco_to\.php,/realizzazioni/#grugliasco,1,301
^/piattaforme_per_autolavaggi/lavaggio_auto_montanera_-_cn\.php,/realizzazioni/#montanera,1,301
^/piattaforme_per_autolavaggi/autolavaggio_dpk_srl_-_milano_mi\.php,/realizzazioni/#milano,1,301
^/piattaforme_per_autolavaggi/autolavaggio_presso_ss_q8_easy_-_cornate_d-adda_bg\.php,/realizzazioni/#cornate-d-adda,1,301
^/piattaforme_per_autolavaggi/concessionaria_crema\.php,/realizzazioni/#crema,1,301
^/piattaforme_per_autolavaggi/autolavaggio_gavardo_-_bs\.php,/realizzazioni/#gavardo,1,301
^/piattaforme_per_autolavaggi/autolavaggio_fioretti_-_borgosatollo_bs_\.php,/realizzazioni/#borgosatollo,1,301
^/piattaforme_per_autolavaggi/autofficina_vezza_d-oglio_-_bs\.php,/realizzazioni/#vezza-d-oglio,1,301
^/piattaforme_per_autolavaggi/autolavaggio_piacenza\.php,/realizzazioni/#piacenza,1,301
^/piattaforme_per_autolavaggi/autolavaggio_sgiovanni_persiceto_-_bo\.php,/realizzazioni/#san-giovanni-in-persiceto,1,301
^/piattaforme_per_autolavaggi/autolavaggio_budrio_-_bo\.php,/realizzazioni/#budrio,1,301
^/piattaforme_per_autolavaggi/euroslam_service_srl_-_san_lazzaro_di_savena_bo\.php,/realizzazioni/#san-lazzaro-di-savena,1,301
^/piattaforme_per_autolavaggi/autolavaggio_cesena_-_fc\.php,/realizzazioni/#cesena,1,301
^/piattaforme_per_autolavaggi/autolavaggio_s_mauro_pascoli_-_fc\.php,/realizzazioni/#san-mauro-pascoli,1,301
^/piattaforme_per_autolavaggi/aquarama_gest_srl_-_pistoia_pt\.php,/realizzazioni/#pistoia,1,301
^/piattaforme_per_autolavaggi/aquarama_gest_srl_-_viareggio_lu\.php,/realizzazioni/#viareggio,1,301
^/piattaforme_per_autolavaggi/autolavaggio_ponsacco_-_pi\.php,/realizzazioni/#ponsacco,1,301
^/piattaforme_per_autolavaggi/autolavaggio_livorno\.php,/realizzazioni/#livorno,1,301
^/piattaforme_per_autolavaggi/autolavaggio_tivoli_terme_-_roma\.php,/realizzazioni/#tivoli-terme,1,301
^/piattaforme_per_autolavaggi/autolavaggio_mottola_-_ta\.php,/realizzazioni/#mottola,1,301
^/piattaforme_per_autolavaggi/carrozzo_sas_-_avetrana_ta\.php,/realizzazioni/#avetrana,1,301
^/piattaforme_per_autolavaggi/autofficina_poschiavo_-_svizzera\.php,/realizzazioni/#poschiavo,1,301
^/piattaforme_per_autolavaggi/autolavaggio_lucenec_-_slovacchia\.php,/realizzazioni/#lucenec,1,301
^/piattaforme_per_autolavaggi/autolavaggio_elite_wash\.php,/realizzazioni/#francia-1,1,301
^/piattaforme_per_autolavaggi/autolavaggio_sci_jany_wash\.php,/realizzazioni/#francia-2,1,301
^/piattaforme_per_autolavaggi/rossi_service_srl_-_san_marino_rsm\.php,/realizzazioni/#san-marino,1,301
^/piattaforme_per_autolavaggi/poprad_.*,/realizzazioni/,1,301
^/piattaforme_per_autolavaggi_5/.*,/realizzazioni/,1,301
^/dove_siamo,/contatti/,1,301
^/news,/,1,301
^/privacy$,/privacy/,1,301
^/cookie_info,/cookie/,1,301
^/web-agency/.*,/,1,301
^/UserFiles/files/politica_qualita\.pdf,/azienda/,1,301
^/UserFiles/files/ISO-9001-.*\.pdf,/azienda/,1,301
